[{"model": "admin.logentry", "pk": 1, "fields": {"action_time": "2021-09-14T08:35:08.756Z", "user": 1, "content_type": 3, "object_id": "1", "object_repr": "Admin", "action_flag": 1, "change_message": "[{\"added\": {}}]"}}, {"model": "admin.logentry", "pk": 2, "fields": {"action_time": "2021-09-14T08:35:19.269Z", "user": 1, "content_type": 3, "object_id": "2", "object_repr": "Coach", "action_flag": 1, "change_message": "[{\"added\": {}}]"}}, {"model": "admin.logentry", "pk": 3, "fields": {"action_time": "2021-09-14T08:35:24.582Z", "user": 1, "content_type": 3, "object_id": "3", "object_repr": "Player", "action_flag": 1, "change_message": "[{\"added\": {}}]"}}, {"model": "admin.logentry", "pk": 4, "fields": {"action_time": "2021-09-14T08:35:36.480Z", "user": 1, "content_type": 4, "object_id": "1", "object_repr": "admin", "action_flag": 2, "change_message": "[]"}}, {"model": "admin.logentry", "pk": 5, "fields": {"action_time": "2021-09-14T08:36:36.792Z", "user": 1, "content_type": 3, "object_id": "1", "object_repr": "Admin", "action_flag": 2, "change_message": "[{\"changed\": {\"fields\": [\"Permissions\"]}}]"}}, {"model": "admin.logentry", "pk": 6, "fields": {"action_time": "2021-09-14T08:41:14.625Z", "user": 1, "content_type": 4, "object_id": "1", "object_repr": "admin", "action_flag": 2, "change_message": "[{\"changed\": {\"fields\": [\"Groups\"]}}]"}}, {"model": "admin.logentry", "pk": 7, "fields": {"action_time": "2021-09-14T13:56:18.539Z", "user": 1, "content_type": 12, "object_id": "1", "object_repr": "UserActivitySummary object (1)", "action_flag": 3, "change_message": ""}}, {"model": "auth.permission", "pk": 1, "fields": {"name": "Can add log entry", "content_type": 1, "codename": "add_logentry"}}, {"model": "auth.permission", "pk": 2, "fields": {"name": "Can change log entry", "content_type": 1, "codename": "change_logentry"}}, {"model": "auth.permission", "pk": 3, "fields": {"name": "Can delete log entry", "content_type": 1, "codename": "delete_logentry"}}, {"model": "auth.permission", "pk": 4, "fields": {"name": "Can view log entry", "content_type": 1, "codename": "view_logentry"}}, {"model": "auth.permission", "pk": 5, "fields": {"name": "Can add permission", "content_type": 2, "codename": "add_permission"}}, {"model": "auth.permission", "pk": 6, "fields": {"name": "Can change permission", "content_type": 2, "codename": "change_permission"}}, {"model": "auth.permission", "pk": 7, "fields": {"name": "Can delete permission", "content_type": 2, "codename": "delete_permission"}}, {"model": "auth.permission", "pk": 8, "fields": {"name": "Can view permission", "content_type": 2, "codename": "view_permission"}}, {"model": "auth.permission", "pk": 9, "fields": {"name": "Can add group", "content_type": 3, "codename": "add_group"}}, {"model": "auth.permission", "pk": 10, "fields": {"name": "Can change group", "content_type": 3, "codename": "change_group"}}, {"model": "auth.permission", "pk": 11, "fields": {"name": "Can delete group", "content_type": 3, "codename": "delete_group"}}, {"model": "auth.permission", "pk": 12, "fields": {"name": "Can view group", "content_type": 3, "codename": "view_group"}}, {"model": "auth.permission", "pk": 13, "fields": {"name": "Can add user", "content_type": 4, "codename": "add_user"}}, {"model": "auth.permission", "pk": 14, "fields": {"name": "Can change user", "content_type": 4, "codename": "change_user"}}, {"model": "auth.permission", "pk": 15, "fields": {"name": "Can delete user", "content_type": 4, "codename": "delete_user"}}, {"model": "auth.permission", "pk": 16, "fields": {"name": "Can view user", "content_type": 4, "codename": "view_user"}}, {"model": "auth.permission", "pk": 17, "fields": {"name": "Can add content type", "content_type": 5, "codename": "add_contenttype"}}, {"model": "auth.permission", "pk": 18, "fields": {"name": "Can change content type", "content_type": 5, "codename": "change_contenttype"}}, {"model": "auth.permission", "pk": 19, "fields": {"name": "Can delete content type", "content_type": 5, "codename": "delete_contenttype"}}, {"model": "auth.permission", "pk": 20, "fields": {"name": "Can view content type", "content_type": 5, "codename": "view_contenttype"}}, {"model": "auth.permission", "pk": 21, "fields": {"name": "Can add session", "content_type": 6, "codename": "add_session"}}, {"model": "auth.permission", "pk": 22, "fields": {"name": "Can change session", "content_type": 6, "codename": "change_session"}}, {"model": "auth.permission", "pk": 23, "fields": {"name": "Can delete session", "content_type": 6, "codename": "delete_session"}}, {"model": "auth.permission", "pk": 24, "fields": {"name": "Can view session", "content_type": 6, "codename": "view_session"}}, {"model": "auth.permission", "pk": 25, "fields": {"name": "Can add game", "content_type": 7, "codename": "add_game"}}, {"model": "auth.permission", "pk": 26, "fields": {"name": "Can change game", "content_type": 7, "codename": "change_game"}}, {"model": "auth.permission", "pk": 27, "fields": {"name": "Can delete game", "content_type": 7, "codename": "delete_game"}}, {"model": "auth.permission", "pk": 28, "fields": {"name": "Can view game", "content_type": 7, "codename": "view_game"}}, {"model": "auth.permission", "pk": 29, "fields": {"name": "Can add player", "content_type": 8, "codename": "add_player"}}, {"model": "auth.permission", "pk": 30, "fields": {"name": "Can change player", "content_type": 8, "codename": "change_player"}}, {"model": "auth.permission", "pk": 31, "fields": {"name": "Can delete player", "content_type": 8, "codename": "delete_player"}}, {"model": "auth.permission", "pk": 32, "fields": {"name": "Can view player", "content_type": 8, "codename": "view_player"}}, {"model": "auth.permission", "pk": 33, "fields": {"name": "Can add user activity", "content_type": 9, "codename": "add_useractivity"}}, {"model": "auth.permission", "pk": 34, "fields": {"name": "Can change user activity", "content_type": 9, "codename": "change_useractivity"}}, {"model": "auth.permission", "pk": 35, "fields": {"name": "Can delete user activity", "content_type": 9, "codename": "delete_useractivity"}}, {"model": "auth.permission", "pk": 36, "fields": {"name": "Can view user activity", "content_type": 9, "codename": "view_useractivity"}}, {"model": "auth.permission", "pk": 37, "fields": {"name": "Can add team", "content_type": 10, "codename": "add_team"}}, {"model": "auth.permission", "pk": 38, "fields": {"name": "Can change team", "content_type": 10, "codename": "change_team"}}, {"model": "auth.permission", "pk": 39, "fields": {"name": "Can delete team", "content_type": 10, "codename": "delete_team"}}, {"model": "auth.permission", "pk": 40, "fields": {"name": "Can view team", "content_type": 10, "codename": "view_team"}}, {"model": "auth.permission", "pk": 41, "fields": {"name": "Can add score", "content_type": 11, "codename": "add_score"}}, {"model": "auth.permission", "pk": 42, "fields": {"name": "Can change score", "content_type": 11, "codename": "change_score"}}, {"model": "auth.permission", "pk": 43, "fields": {"name": "Can delete score", "content_type": 11, "codename": "delete_score"}}, {"model": "auth.permission", "pk": 44, "fields": {"name": "Can view score", "content_type": 11, "codename": "view_score"}}, {"model": "auth.permission", "pk": 45, "fields": {"name": "Can add user activity summary", "content_type": 12, "codename": "add_useractivitysummary"}}, {"model": "auth.permission", "pk": 46, "fields": {"name": "Can change user activity summary", "content_type": 12, "codename": "change_useractivitysummary"}}, {"model": "auth.permission", "pk": 47, "fields": {"name": "Can delete user activity summary", "content_type": 12, "codename": "delete_useractivitysummary"}}, {"model": "auth.permission", "pk": 48, "fields": {"name": "Can view user activity summary", "content_type": 12, "codename": "view_useractivitysummary"}}, {"model": "auth.permission", "pk": 49, "fields": {"name": "Can add user activity statistics", "content_type": 13, "codename": "add_useractivitystatistics"}}, {"model": "auth.permission", "pk": 50, "fields": {"name": "Can change user activity statistics", "content_type": 13, "codename": "change_useractivitystatistics"}}, {"model": "auth.permission", "pk": 51, "fields": {"name": "Can delete user activity statistics", "content_type": 13, "codename": "delete_useractivitystatistics"}}, {"model": "auth.permission", "pk": 52, "fields": {"name": "Can view user activity statistics", "content_type": 13, "codename": "view_useractivitystatistics"}}, {"model": "auth.group", "pk": 1, "fields": {"name": "Admin", "permissions": [13]}}, {"model": "auth.group", "pk": 2, "fields": {"name": "Coach", "permissions": []}}, {"model": "auth.group", "pk": 3, "fields": {"name": "Player", "permissions": []}}, {"model": "auth.user", "pk": 1, "fields": {"password": "pbkdf2_sha256$260000$dihRAHKoOKrsTAzMPnB1dX$BHjI3/ziywslp9l1O6DjCzzol11bGRiiWQKLC7v4cOg=", "last_login": "2021-09-15T14:39:44.784Z", "is_superuser": true, "username": "admin", "first_name": "", "last_name": "", "email": "admin@gmail.com", "is_staff": true, "is_active": true, "date_joined": "2021-09-13T18:33:15Z", "groups": [1], "user_permissions": []}}, {"model": "auth.user", "pk": 2, "fields": {"password": "pbkdf2_sha256$260000$lJIH12l7RC7HpHeS8aa20n$h6xiHraycXYTxaIn4MM61iUHHejyyCrNeiWObpgDZbg=", "last_login": "2021-09-15T13:26:41.183Z", "is_superuser": false, "username": "player1", "first_name": "p1", "last_name": "p1_last", "email": "player1@gmail.com", "is_staff": false, "is_active": true, "date_joined": "2021-09-14T17:05:56.464Z", "groups": [], "user_permissions": []}}, {"model": "auth.user", "pk": 3, "fields": {"password": "pbkdf2_sha256$260000$yEntfeGLqO298uRymOpBGw$yD1VqMW8F1IG1fC8J43bWPXy1pxrp2wZxMe1OjcgpaY=", "last_login": "2021-09-15T13:42:27.715Z", "is_superuser": false, "username": "player2", "first_name": "p2", "last_name": "p2_last", "email": "player2@gmail.com", "is_staff": false, "is_active": true, "date_joined": "2021-09-14T17:06:19.799Z", "groups": [], "user_permissions": []}}, {"model": "auth.user", "pk": 4, "fields": {"password": "pbkdf2_sha256$260000$ifoFGwfrHMsNi2gF9a2LZR$fb5/qfWADxxUWv6lVLUk/CDa87+8mxUk1IAiUzEBElk=", "last_login": "2021-09-15T13:42:42.482Z", "is_superuser": false, "username": "player3", "first_name": "p3", "last_name": "p3_last", "email": "player3@gmail.com", "is_staff": false, "is_active": true, "date_joined": "2021-09-14T17:06:52.491Z", "groups": [], "user_permissions": []}}, {"model": "auth.user", "pk": 5, "fields": {"password": "pbkdf2_sha256$260000$uOMwRlmIQkQP5X9Hv5PWbS$WXMxa3u78qL/npmuqJjWUE6LOai3ppX9vusE5KfDDMM=", "last_login": null, "is_superuser": false, "username": "player4", "first_name": "p4", "last_name": "p4_last", "email": "player4@gmail.com", "is_staff": false, "is_active": true, "date_joined": "2021-09-14T17:07:13.843Z", "groups": [], "user_permissions": []}}, {"model": "auth.user", "pk": 6, "fields": {"password": "pbkdf2_sha256$260000$4t7dd7RzcYv1mi85w7zt2k$dchqolzFJoo9O2zqb9C8Yvq85JCYwLvjgb4jFEmUL2c=", "last_login": null, "is_superuser": false, "username": "coach_sam", "first_name": "sam", "last_name": "coach1", "email": "sam@gmail.com", "is_staff": false, "is_active": true, "date_joined": "2021-09-14T17:08:17.275Z", "groups": [], "user_permissions": []}}, {"model": "auth.user", "pk": 7, "fields": {"password": "pbkdf2_sha256$260000$fUz15lJBrHbKWs1h7sesnT$E1uQiXh+K8aGbmhlm23dGR0QasInP1JYMwb6I14s0ng=", "last_login": null, "is_superuser": false, "username": "coach_mike", "first_name": "mike", "last_name": "coach2", "email": "mike@gmail.com", "is_staff": false, "is_active": true, "date_joined": "2021-09-14T17:08:43.134Z", "groups": [], "user_permissions": []}}, {"model": "auth.user", "pk": 8, "fields": {"password": "pbkdf2_sha256$260000$cykSFrP1sSDgIgUgrJ0Z81$A2TOkSz/06n6OlwRpV/Q5b6ccCT82jEjxQM4VMqTR6I=", "last_login": null, "is_superuser": false, "username": "coach_jim", "first_name": "jim", "last_name": "coach3", "email": "jim@gmail.com", "is_staff": false, "is_active": true, "date_joined": "2021-09-14T17:09:04.170Z", "groups": [], "user_permissions": []}}, {"model": "contenttypes.contenttype", "pk": 1, "fields": {"app_label": "admin", "model": "logentry"}}, {"model": "contenttypes.contenttype", "pk": 2, "fields": {"app_label": "auth", "model": "permission"}}, {"model": "contenttypes.contenttype", "pk": 3, "fields": {"app_label": "auth", "model": "group"}}, {"model": "contenttypes.contenttype", "pk": 4, "fields": {"app_label": "auth", "model": "user"}}, {"model": "contenttypes.contenttype", "pk": 5, "fields": {"app_label": "contenttypes", "model": "contenttype"}}, {"model": "contenttypes.contenttype", "pk": 6, "fields": {"app_label": "sessions", "model": "session"}}, {"model": "contenttypes.contenttype", "pk": 7, "fields": {"app_label": "game", "model": "game"}}, {"model": "contenttypes.contenttype", "pk": 8, "fields": {"app_label": "game", "model": "player"}}, {"model": "contenttypes.contenttype", "pk": 9, "fields": {"app_label": "game", "model": "useractivity"}}, {"model": "contenttypes.contenttype", "pk": 10, "fields": {"app_label": "game", "model": "team"}}, {"model": "contenttypes.contenttype", "pk": 11, "fields": {"app_label": "game", "model": "score"}}, {"model": "contenttypes.contenttype", "pk": 12, "fields": {"app_label": "game", "model": "useractivitysummary"}}, {"model": "contenttypes.contenttype", "pk": 13, "fields": {"app_label": "game", "model": "useractivitystatistics"}}, {"model": "sessions.session", "pk": "059etuuhouvm0h95ys8kyif5tpin7cvm", "fields": {"session_data": "e30:1mQ55b:u71j2pDW8No2cTT6OdkX1paMCTiElzoFVe16uRsqLBY", "expire_date": "2021-09-28T09:50:55.424Z"}}, {"model": "sessions.session", "pk": "6n7m224azjhyraj3y8b7c7vbn6wmkxjf", "fields": {"session_data": "e30:1mQ4Cc:zX565GGvHJYMZOm8jFNBbITnuiipxb0BSPouO14GyaI", "expire_date": "2021-09-28T08:54:06.594Z"}}, {"model": "sessions.session", "pk": "cvob0n8dvsqkjwyq5zen86vx4vp78epx", "fields": {"session_data": "e30:1mQ4Gh:fSmHjmBZ5PEKhNoCOVextVdzCI9EeuW4326rrRQ44cU", "expire_date": "2021-09-28T08:58:19.206Z"}}, {"model": "sessions.session", "pk": "fzuofaqya0e6ajjzi7x10rgwybiuabf9", "fields": {"session_data": "e30:1mQ4Bb:I4fC27pm89J5QoGTOI1rxwPtKH_kqJAe9moFP97hRv4", "expire_date": "2021-09-28T08:53:03.011Z"}}, {"model": "game.team", "pk": 1, "fields": {"name": "Falcon", "coach": 6}}, {"model": "game.team", "pk": 2, "fields": {"name": "Titan", "coach": 8}}, {"model": "game.player", "pk": 1, "fields": {"name": "player1", "height": 178, "user": 2, "team": 1}}, {"model": "game.player", "pk": 2, "fields": {"name": "player2", "height": 180, "user": 3, "team": 1}}, {"model": "game.player", "pk": 3, "fields": {"name": "player3", "height": 181, "user": 4, "team": 2}}, {"model": "game.player", "pk": 4, "fields": {"name": "player4", "height": 185, "user": 5, "team": 2}}, {"model": "game.game", "pk": 1, "fields": {"name": "game_1", "avenue": "std_1", "date_played": "2021-09-08", "team1": 1, "team2": 2, "winner": 1}}, {"model": "game.game", "pk": 2, "fields": {"name": "game_2", "avenue": "std_2", "date_played": "2021-09-02", "team1": 1, "team2": 2, "winner": 1}}, {"model": "game.game", "pk": 3, "fields": {"name": "game_3", "avenue": "std_3", "date_played": "2021-09-02", "team1": 1, "team2": 2, "winner": 2}}, {"model": "game.score", "pk": 1, "fields": {"player": 1, "game": 1, "score": 2}}, {"model": "game.score", "pk": 2, "fields": {"player": 1, "game": 2, "score": 34}}, {"model": "game.score", "pk": 3, "fields": {"player": 1, "game": 3, "score": 2}}, {"model": "game.score", "pk": 4, "fields": {"player": 2, "game": 3, "score": 2}}, {"model": "game.score", "pk": 5, "fields": {"player": 4, "game": 3, "score": 1}}, {"model": "game.useractivitysummary", "pk": 2, "fields": {"user": 1, "time_duration": 0, "timestamp": "2021-09-14T18:11:12.984Z", "activity": "activity"}}, {"model": "game.useractivitysummary", "pk": 3, "fields": {"user": 1, "time_duration": 36196, "timestamp": "2021-09-15T04:14:29.654Z", "activity": "activity"}}, {"model": "game.useractivitysummary", "pk": 4, "fields": {"user": 1, "time_duration": 3, "timestamp": "2021-09-15T04:14:32.676Z", "activity": "activity"}}, {"model": "game.useractivitysummary", "pk": 5, "fields": {"user": 1, "time_duration": 132, "timestamp": "2021-09-15T04:16:44.888Z", "activity": "activity"}}, {"model": "game.useractivitysummary", "pk": 6, "fields": {"user": 1, "time_duration": 6, "timestamp": "2021-09-15T04:16:51.736Z", "activity": "activity"}}, {"model": "game.useractivitysummary", "pk": 7, "fields": {"user": 1, "time_duration": 1, "timestamp": "2021-09-15T04:16:53.095Z", "activity": "activity"}}, {"model": "game.useractivitysummary", "pk": 8, "fields": {"user": 1, "time_duration": 0, "timestamp": "2021-09-15T04:16:53.167Z", "activity": "activity"}}, {"model": "game.useractivitysummary", "pk": 9, "fields": {"user": 1, "time_duration": 0, "timestamp": "2021-09-15T04:16:53.652Z", "activity": "activity"}}, {"model": "game.useractivitysummary", "pk": 10, "fields": {"user": 1, "time_duration": 2, "timestamp": "2021-09-15T04:16:56.085Z", "activity": "activity"}}, {"model": "game.useractivitysummary", "pk": 11, "fields": {"user": 1, "time_duration": 0, "timestamp": "2021-09-15T04:16:56.147Z", "activity": "activity"}}, {"model": "game.useractivitysummary", "pk": 12, "fields": {"user": 1, "time_duration": 2, "timestamp": "2021-09-15T04:16:58.768Z", "activity": "activity"}}, {"model": "game.useractivitysummary", "pk": 13, "fields": {"user": 1, "time_duration": 0, "timestamp": "2021-09-15T04:16:58.828Z", "activity": "activity"}}, {"model": "game.useractivitysummary", "pk": 14, "fields": {"user": 1, "time_duration": 196, "timestamp": "2021-09-15T04:20:15.131Z", "activity": "activity"}}, {"model": "game.useractivitysummary", "pk": 15, "fields": {"user": 1, "time_duration": 0, "timestamp": "2021-09-15T04:20:15.217Z", "activity": "activity"}}, {"model": "game.useractivitysummary", "pk": 16, "fields": {"user": 1, "time_duration": 5, "timestamp": "2021-09-15T04:20:20.699Z", "activity": "activity"}}, {"model": "game.useractivitysummary", "pk": 17, "fields": {"user": 1, "time_duration": 0, "timestamp": "2021-09-15T04:20:20.761Z", "activity": "activity"}}, {"model": "game.useractivitysummary", "pk": 18, "fields": {"user": 1, "time_duration": 3, "timestamp": "2021-09-15T04:20:24.081Z", "activity": "activity"}}, {"model": "game.useractivitysummary", "pk": 19, "fields": {"user": 1, "time_duration": 0, "timestamp": "2021-09-15T04:20:24.139Z", "activity": "activity"}}, {"model": "game.useractivitysummary", "pk": 20, "fields": {"user": 1, "time_duration": 14, "timestamp": "2021-09-15T04:20:38.385Z", "activity": "activity"}}, {"model": "game.useractivitysummary", "pk": 21, "fields": {"user": 1, "time_duration": 0, "timestamp": "2021-09-15T04:20:38.434Z", "activity": "activity"}}, {"model": "game.useractivitysummary", "pk": 22, "fields": {"user": 1, "time_duration": 7, "timestamp": "2021-09-15T04:20:45.886Z", "activity": "activity"}}, {"model": "game.useractivitysummary", "pk": 23, "fields": {"user": 1, "time_duration": 0, "timestamp": "2021-09-15T04:20:45.933Z", "activity": "activity"}}, {"model": "game.useractivitysummary", "pk": 24, "fields": {"user": 1, "time_duration": 3, "timestamp": "2021-09-15T04:20:49.666Z", "activity": "activity"}}, {"model": "game.useractivitysummary", "pk": 25, "fields": {"user": 1, "time_duration": 0, "timestamp": "2021-09-15T04:20:49.714Z", "activity": "activity"}}, {"model": "game.useractivitysummary", "pk": 26, "fields": {"user": 1, "time_duration": 51, "timestamp": "2021-09-15T04:21:41.606Z", "activity": "activity"}}, {"model": "game.useractivitysummary", "pk": 27, "fields": {"user": 1, "time_duration": 7, "timestamp": "2021-09-15T04:21:49.242Z", "activity": "activity"}}, {"model": "game.useractivitysummary", "pk": 28, "fields": {"user": 1, "time_duration": 3, "timestamp": "2021-09-15T04:21:53.069Z", "activity": "activity"}}, {"model": "game.useractivitysummary", "pk": 29, "fields": {"user": 1, "time_duration": 0, "timestamp": "2021-09-15T04:21:53.149Z", "activity": "activity"}}, {"model": "game.useractivitysummary", "pk": 30, "fields": {"user": 1, "time_duration": 4, "timestamp": "2021-09-15T04:21:57.206Z", "activity": "activity"}}, {"model": "game.useractivitysummary", "pk": 31, "fields": {"user": 1, "time_duration": 0, "timestamp": "2021-09-15T04:21:57.248Z", "activity": "activity"}}, {"model": "game.useractivitysummary", "pk": 32, "fields": {"user": 1, "time_duration": 5, "timestamp": "2021-09-15T04:22:03.244Z", "activity": "activity"}}, {"model": "game.useractivitysummary", "pk": 33, "fields": {"user": 1, "time_duration": 0, "timestamp": "2021-09-15T04:22:03.340Z", "activity": "activity"}}, {"model": "game.useractivitysummary", "pk": 34, "fields": {"user": 1, "time_duration": 1, "timestamp": "2021-09-15T04:22:04.522Z", "activity": "activity"}}, {"model": "game.useractivitysummary", "pk": 35, "fields": {"user": 1, "time_duration": 0, "timestamp": "2021-09-15T04:22:04.579Z", "activity": "activity"}}, {"model": "game.useractivitysummary", "pk": 36, "fields": {"user": 1, "time_duration": 3, "timestamp": "2021-09-15T04:22:08.150Z", "activity": "activity"}}, {"model": "game.useractivitysummary", "pk": 37, "fields": {"user": 1, "time_duration": 0, "timestamp": "2021-09-15T04:22:08.230Z", "activity": "activity"}}, {"model": "game.useractivitysummary", "pk": 38, "fields": {"user": 1, "time_duration": 1, "timestamp": "2021-09-15T04:22:09.329Z", "activity": "activity"}}, {"model": "game.useractivitysummary", "pk": 39, "fields": {"user": 1, "time_duration": 0, "timestamp": "2021-09-15T04:22:09.381Z", "activity": "activity"}}, {"model": "game.useractivitysummary", "pk": 40, "fields": {"user": 1, "time_duration": 265, "timestamp": "2021-09-15T04:26:34.645Z", "activity": "activity"}}, {"model": "game.useractivitysummary", "pk": 41, "fields": {"user": 1, "time_duration": 0, "timestamp": "2021-09-15T04:26:34.730Z", "activity": "activity"}}, {"model": "game.useractivitysummary", "pk": 42, "fields": {"user": 1, "time_duration": 1, "timestamp": "2021-09-15T04:26:35.762Z", "activity": "activity"}}, {"model": "game.useractivitysummary", "pk": 43, "fields": {"user": 1, "time_duration": 0, "timestamp": "2021-09-15T04:26:35.861Z", "activity": "activity"}}, {"model": "game.useractivitysummary", "pk": 44, "fields": {"user": 1, "time_duration": 1, "timestamp": "2021-09-15T04:26:37.839Z", "activity": "activity"}}, {"model": "game.useractivitysummary", "pk": 45, "fields": {"user": 1, "time_duration": 1, "timestamp": "2021-09-15T04:26:38.874Z", "activity": "activity"}}, {"model": "game.useractivitysummary", "pk": 46, "fields": {"user": 1, "time_duration": 1, "timestamp": "2021-09-15T04:26:40.744Z", "activity": "activity"}}, {"model": "game.useractivitysummary", "pk": 47, "fields": {"user": 1, "time_duration": 10, "timestamp": "2021-09-15T04:26:51.583Z", "activity": "activity"}}, {"model": "game.useractivitysummary", "pk": 48, "fields": {"user": 1, "time_duration": 5, "timestamp": "2021-09-15T04:26:57.420Z", "activity": "activity"}}, {"model": "game.useractivitysummary", "pk": 49, "fields": {"user": 1, "time_duration": 132, "timestamp": "2021-09-15T04:29:09.909Z", "activity": "activity"}}, {"model": "game.useractivitysummary", "pk": 50, "fields": {"user": 1, "time_duration": 5, "timestamp": "2021-09-15T04:29:15.233Z", "activity": "activity"}}, {"model": "game.useractivitysummary", "pk": 51, "fields": {"user": 1, "time_duration": 1, "timestamp": "2021-09-15T04:29:16.599Z", "activity": "activity"}}, {"model": "game.useractivitysummary", "pk": 52, "fields": {"user": 1, "time_duration": 873, "timestamp": "2021-09-15T04:43:50.379Z", "activity": "activity"}}, {"model": "game.useractivitysummary", "pk": 53, "fields": {"user": 1, "time_duration": 298, "timestamp": "2021-09-15T04:48:48.700Z", "activity": "activity"}}, {"model": "game.useractivitysummary", "pk": 54, "fields": {"user": 1, "time_duration": 191, "timestamp": "2021-09-15T04:51:59.922Z", "activity": "activity"}}, {"model": "game.useractivitysummary", "pk": 55, "fields": {"user": 1, "time_duration": 28, "timestamp": "2021-09-15T04:52:28.019Z", "activity": "activity"}}, {"model": "game.useractivitysummary", "pk": 56, "fields": {"user": 1, "time_duration": 27, "timestamp": "2021-09-15T04:52:55.480Z", "activity": "activity"}}, {"model": "game.useractivitysummary", "pk": 57, "fields": {"user": 1, "time_duration": 129, "timestamp": "2021-09-15T04:55:04.706Z", "activity": "activity"}}, {"model": "game.useractivitysummary", "pk": 58, "fields": {"user": 1, "time_duration": 4, "timestamp": "2021-09-15T04:55:09.215Z", "activity": "activity"}}, {"model": "game.useractivitysummary", "pk": 59, "fields": {"user": 1, "time_duration": 150, "timestamp": "2021-09-15T04:57:39.943Z", "activity": "activity"}}, {"model": "game.useractivitysummary", "pk": 60, "fields": {"user": 1, "time_duration": 42, "timestamp": "2021-09-15T04:58:22.567Z", "activity": "activity"}}, {"model": "game.useractivitysummary", "pk": 61, "fields": {"user": 1, "time_duration": 2, "timestamp": "2021-09-15T04:58:25.525Z", "activity": "activity"}}, {"model": "game.useractivitysummary", "pk": 62, "fields": {"user": 1, "time_duration": 89, "timestamp": "2021-09-15T04:59:54.679Z", "activity": "activity"}}, {"model": "game.useractivitysummary", "pk": 63, "fields": {"user": 1, "time_duration": 3, "timestamp": "2021-09-15T04:59:57.755Z", "activity": "activity"}}, {"model": "game.useractivitysummary", "pk": 64, "fields": {"user": 1, "time_duration": 80, "timestamp": "2021-09-15T05:01:17.911Z", "activity": "activity"}}, {"model": "game.useractivitysummary", "pk": 65, "fields": {"user": 1, "time_duration": 2, "timestamp": "2021-09-15T05:01:20.695Z", "activity": "activity"}}, {"model": "game.useractivitysummary", "pk": 66, "fields": {"user": 1, "time_duration": 1, "timestamp": "2021-09-15T05:01:22.294Z", "activity": "activity"}}, {"model": "game.useractivitysummary", "pk": 67, "fields": {"user": 1, "time_duration": 45, "timestamp": "2021-09-15T05:02:07.472Z", "activity": "activity"}}, {"model": "game.useractivitysummary", "pk": 68, "fields": {"user": 1, "time_duration": 1, "timestamp": "2021-09-15T05:02:08.806Z", "activity": "activity"}}, {"model": "game.useractivitysummary", "pk": 69, "fields": {"user": 1, "time_duration": 486, "timestamp": "2021-09-15T05:10:15.657Z", "activity": "activity"}}, {"model": "game.useractivitysummary", "pk": 70, "fields": {"user": 1, "time_duration": 5, "timestamp": "2021-09-15T05:10:21.617Z", "activity": "activity"}}, {"model": "game.useractivitysummary", "pk": 71, "fields": {"user": 1, "time_duration": 1, "timestamp": "2021-09-15T05:10:23.464Z", "activity": "activity"}}, {"model": "game.useractivitysummary", "pk": 72, "fields": {"user": 1, "time_duration": 39, "timestamp": "2021-09-15T05:11:02.805Z", "activity": "activity"}}, {"model": "game.useractivitysummary", "pk": 73, "fields": {"user": 1, "time_duration": 1, "timestamp": "2021-09-15T05:11:04.418Z", "activity": "activity"}}, {"model": "game.useractivitysummary", "pk": 74, "fields": {"user": 1, "time_duration": 6405, "timestamp": "2021-09-15T06:57:50.319Z", "activity": "activity"}}, {"model": "game.useractivitysummary", "pk": 75, "fields": {"user": 1, "time_duration": 1, "timestamp": "2021-09-15T06:57:52.154Z", "activity": "activity"}}, {"model": "game.useractivitysummary", "pk": 76, "fields": {"user": 1, "time_duration": 37, "timestamp": "2021-09-15T06:58:29.510Z", "activity": "activity"}}, {"model": "game.useractivitysummary", "pk": 77, "fields": {"user": 1, "time_duration": 23, "timestamp": "2021-09-15T06:58:53.099Z", "activity": "activity"}}, {"model": "game.useractivitysummary", "pk": 78, "fields": {"user": 1, "time_duration": 1252, "timestamp": "2021-09-15T07:19:45.226Z", "activity": "activity"}}, {"model": "game.useractivitysummary", "pk": 79, "fields": {"user": 1, "time_duration": 1, "timestamp": "2021-09-15T07:19:46.675Z", "activity": "activity"}}, {"model": "game.useractivitysummary", "pk": 80, "fields": {"user": 1, "time_duration": 9055, "timestamp": "2021-09-15T09:50:42.592Z", "activity": "activity"}}, {"model": "game.useractivitysummary", "pk": 81, "fields": {"user": 1, "time_duration": 33, "timestamp": "2021-09-15T09:51:15.732Z", "activity": "activity"}}, {"model": "game.useractivitysummary", "pk": 82, "fields": {"user": 1, "time_duration": 98, "timestamp": "2021-09-15T09:52:53.841Z", "activity": "activity"}}, {"model": "game.useractivitysummary", "pk": 83, "fields": {"user": 1, "time_duration": 91, "timestamp": "2021-09-15T09:54:25.071Z", "activity": "activity"}}, {"model": "game.useractivitysummary", "pk": 84, "fields": {"user": 1, "time_duration": 51, "timestamp": "2021-09-15T09:55:16.429Z", "activity": "activity"}}, {"model": "game.useractivitysummary", "pk": 85, "fields": {"user": 1, "time_duration": 398, "timestamp": "2021-09-15T10:01:54.573Z", "activity": "activity"}}, {"model": "game.useractivitysummary", "pk": 86, "fields": {"user": 1, "time_duration": 67, "timestamp": "2021-09-15T10:03:01.715Z", "activity": "activity"}}, {"model": "game.useractivitysummary", "pk": 87, "fields": {"user": 1, "time_duration": 31, "timestamp": "2021-09-15T10:03:32.761Z", "activity": "activity"}}, {"model": "game.useractivitysummary", "pk": 88, "fields": {"user": 1, "time_duration": 25, "timestamp": "2021-09-15T10:03:58.351Z", "activity": "activity"}}, {"model": "game.useractivitysummary", "pk": 89, "fields": {"user": 1, "time_duration": 71, "timestamp": "2021-09-15T10:05:09.846Z", "activity": "activity"}}, {"model": "game.useractivitysummary", "pk": 90, "fields": {"user": 1, "time_duration": 35, "timestamp": "2021-09-15T10:05:45.776Z", "activity": "activity"}}, {"model": "game.useractivitysummary", "pk": 91, "fields": {"user": 1, "time_duration": 106, "timestamp": "2021-09-15T10:07:31.840Z", "activity": "activity"}}, {"model": "game.useractivitysummary", "pk": 92, "fields": {"user": 1, "time_duration": 50, "timestamp": "2021-09-15T10:08:22.187Z", "activity": "activity"}}, {"model": "game.useractivitysummary", "pk": 93, "fields": {"user": 1, "time_duration": 58, "timestamp": "2021-09-15T10:09:20.386Z", "activity": "activity"}}, {"model": "game.useractivitysummary", "pk": 94, "fields": {"user": 1, "time_duration": 13, "timestamp": "2021-09-15T10:09:34.029Z", "activity": "activity"}}, {"model": "game.useractivitysummary", "pk": 95, "fields": {"user": 1, "time_duration": 109, "timestamp": "2021-09-15T10:11:23.232Z", "activity": "activity"}}, {"model": "game.useractivitysummary", "pk": 96, "fields": {"user": 1, "time_duration": 20, "timestamp": "2021-09-15T10:11:43.843Z", "activity": "activity"}}, {"model": "game.useractivitysummary", "pk": 97, "fields": {"user": 1, "time_duration": 19, "timestamp": "2021-09-15T10:12:03.309Z", "activity": "activity"}}, {"model": "game.useractivitysummary", "pk": 98, "fields": {"user": 1, "time_duration": 6, "timestamp": "2021-09-15T10:12:10.078Z", "activity": "activity"}}, {"model": "game.useractivitysummary", "pk": 99, "fields": {"user": 1, "time_duration": 109, "timestamp": "2021-09-15T10:13:59.581Z", "activity": "activity"}}, {"model": "game.useractivitysummary", "pk": 100, "fields": {"user": 1, "time_duration": 236, "timestamp": "2021-09-15T10:17:56.543Z", "activity": "activity"}}, {"model": "game.useractivitysummary", "pk": 101, "fields": {"user": 1, "time_duration": 9, "timestamp": "2021-09-15T10:18:05.881Z", "activity": "activity"}}, {"model": "game.useractivitysummary", "pk": 102, "fields": {"user": 1, "time_duration": 203, "timestamp": "2021-09-15T10:21:29.192Z", "activity": "activity"}}, {"model": "game.useractivitysummary", "pk": 103, "fields": {"user": 1, "time_duration": 73, "timestamp": "2021-09-15T10:22:42.245Z", "activity": "activity"}}, {"model": "game.useractivitysummary", "pk": 104, "fields": {"user": 1, "time_duration": 60, "timestamp": "2021-09-15T10:23:42.646Z", "activity": "activity"}}, {"model": "game.useractivitysummary", "pk": 105, "fields": {"user": 1, "time_duration": 26, "timestamp": "2021-09-15T10:24:08.765Z", "activity": "activity"}}, {"model": "game.useractivitysummary", "pk": 106, "fields": {"user": 1, "time_duration": 7, "timestamp": "2021-09-15T10:24:16.392Z", "activity": "activity"}}, {"model": "game.useractivitysummary", "pk": 107, "fields": {"user": 1, "time_duration": 1, "timestamp": "2021-09-15T10:24:18.246Z", "activity": "activity"}}, {"model": "game.useractivitysummary", "pk": 108, "fields": {"user": 1, "time_duration": 27, "timestamp": "2021-09-15T10:24:45.320Z", "activity": "activity"}}, {"model": "game.useractivitysummary", "pk": 109, "fields": {"user": 1, "time_duration": 44, "timestamp": "2021-09-15T10:25:29.642Z", "activity": "activity"}}, {"model": "game.useractivitysummary", "pk": 110, "fields": {"user": 1, "time_duration": 365, "timestamp": "2021-09-15T10:31:34.831Z", "activity": "activity"}}, {"model": "game.useractivitysummary", "pk": 111, "fields": {"user": 1, "time_duration": 16, "timestamp": "2021-09-15T10:31:51.295Z", "activity": "activity"}}, {"model": "game.useractivitysummary", "pk": 112, "fields": {"user": 1, "time_duration": 1, "timestamp": "2021-09-15T10:31:52.473Z", "activity": "activity"}}, {"model": "game.useractivitysummary", "pk": 113, "fields": {"user": 1, "time_duration": 172, "timestamp": "2021-09-15T10:34:45.335Z", "activity": "activity"}}, {"model": "game.useractivitysummary", "pk": 114, "fields": {"user": 1, "time_duration": 1, "timestamp": "2021-09-15T10:34:46.663Z", "activity": "activity"}}, {"model": "game.useractivitysummary", "pk": 115, "fields": {"user": 1, "time_duration": 10, "timestamp": "2021-09-15T10:34:57.621Z", "activity": "activity"}}, {"model": "game.useractivitysummary", "pk": 116, "fields": {"user": 1, "time_duration": 2, "timestamp": "2021-09-15T10:34:59.909Z", "activity": "activity"}}, {"model": "game.useractivitysummary", "pk": 117, "fields": {"user": 1, "time_duration": 4, "timestamp": "2021-09-15T10:35:03.917Z", "activity": "activity"}}, {"model": "game.useractivitysummary", "pk": 118, "fields": {"user": 1, "time_duration": 3, "timestamp": "2021-09-15T10:35:06.941Z", "activity": "activity"}}, {"model": "game.useractivitysummary", "pk": 119, "fields": {"user": 1, "time_duration": 31, "timestamp": "2021-09-15T10:35:38.164Z", "activity": "activity"}}, {"model": "game.useractivitysummary", "pk": 120, "fields": {"user": 1, "time_duration": 283, "timestamp": "2021-09-15T10:40:21.924Z", "activity": "activity"}}, {"model": "game.useractivitysummary", "pk": 121, "fields": {"user": 1, "time_duration": 1, "timestamp": "2021-09-15T10:40:23.342Z", "activity": "activity"}}, {"model": "game.useractivitysummary", "pk": 122, "fields": {"user": 1, "time_duration": 25, "timestamp": "2021-09-15T10:40:48.438Z", "activity": "activity"}}, {"model": "game.useractivitysummary", "pk": 123, "fields": {"user": 1, "time_duration": 17, "timestamp": "2021-09-15T10:41:05.627Z", "activity": "activity"}}, {"model": "game.useractivitysummary", "pk": 124, "fields": {"user": 1, "time_duration": 1, "timestamp": "2021-09-15T10:41:07.424Z", "activity": "activity"}}, {"model": "game.useractivitysummary", "pk": 125, "fields": {"user": 1, "time_duration": 26, "timestamp": "2021-09-15T10:41:34.095Z", "activity": "activity"}}, {"model": "game.useractivitysummary", "pk": 126, "fields": {"user": 1, "time_duration": 1, "timestamp": "2021-09-15T10:41:35.682Z", "activity": "activity"}}, {"model": "game.useractivitysummary", "pk": 127, "fields": {"user": 1, "time_duration": 16, "timestamp": "2021-09-15T10:41:52.199Z", "activity": "activity"}}, {"model": "game.useractivitysummary", "pk": 128, "fields": {"user": 1, "time_duration": 0, "timestamp": "2021-09-15T10:41:53.180Z", "activity": "activity"}}, {"model": "game.useractivitysummary", "pk": 129, "fields": {"user": 1, "time_duration": 27, "timestamp": "2021-09-15T10:42:20.422Z", "activity": "activity"}}, {"model": "game.useractivitysummary", "pk": 130, "fields": {"user": 1, "time_duration": 0, "timestamp": "2021-09-15T10:42:21.335Z", "activity": "activity"}}, {"model": "game.useractivitysummary", "pk": 131, "fields": {"user": 1, "time_duration": 55, "timestamp": "2021-09-15T10:43:16.613Z", "activity": "activity"}}, {"model": "game.useractivitysummary", "pk": 132, "fields": {"user": 1, "time_duration": 0, "timestamp": "2021-09-15T10:43:17.564Z", "activity": "activity"}}, {"model": "game.useractivitysummary", "pk": 133, "fields": {"user": 1, "time_duration": 112, "timestamp": "2021-09-15T10:45:10.513Z", "activity": "activity"}}, {"model": "game.useractivitysummary", "pk": 134, "fields": {"user": 1, "time_duration": 1, "timestamp": "2021-09-15T10:45:11.555Z", "activity": "activity"}}, {"model": "game.useractivitysummary", "pk": 135, "fields": {"user": 1, "time_duration": 15, "timestamp": "2021-09-15T10:45:26.754Z", "activity": "activity"}}, {"model": "game.useractivitysummary", "pk": 136, "fields": {"user": 1, "time_duration": 3, "timestamp": "2021-09-15T10:45:29.896Z", "activity": "activity"}}, {"model": "game.useractivitysummary", "pk": 137, "fields": {"user": 1, "time_duration": 30, "timestamp": "2021-09-15T10:46:00.283Z", "activity": "activity"}}, {"model": "game.useractivitysummary", "pk": 138, "fields": {"user": 1, "time_duration": 0, "timestamp": "2021-09-15T10:46:01.257Z", "activity": "activity"}}, {"model": "game.useractivitysummary", "pk": 139, "fields": {"user": 1, "time_duration": 34, "timestamp": "2021-09-15T10:46:35.599Z", "activity": "activity"}}, {"model": "game.useractivitysummary", "pk": 140, "fields": {"user": 1, "time_duration": 1, "timestamp": "2021-09-15T10:46:37.545Z", "activity": "activity"}}, {"model": "game.useractivitysummary", "pk": 141, "fields": {"user": 1, "time_duration": 72, "timestamp": "2021-09-15T10:47:49.931Z", "activity": "activity"}}, {"model": "game.useractivitysummary", "pk": 142, "fields": {"user": 1, "time_duration": 1, "timestamp": "2021-09-15T10:47:50.990Z", "activity": "activity"}}, {"model": "game.useractivitysummary", "pk": 143, "fields": {"user": 1, "time_duration": 27, "timestamp": "2021-09-15T10:48:18.842Z", "activity": "activity"}}, {"model": "game.useractivitysummary", "pk": 144, "fields": {"user": 1, "time_duration": 101, "timestamp": "2021-09-15T10:50:00.200Z", "activity": "activity"}}, {"model": "game.useractivitysummary", "pk": 145, "fields": {"user": 1, "time_duration": 2, "timestamp": "2021-09-15T10:50:02.850Z", "activity": "activity"}}, {"model": "game.useractivitysummary", "pk": 146, "fields": {"user": 1, "time_duration": 134, "timestamp": "2021-09-15T10:52:17.511Z", "activity": "activity"}}, {"model": "game.useractivitysummary", "pk": 147, "fields": {"user": 1, "time_duration": 79, "timestamp": "2021-09-15T10:53:37.189Z", "activity": "activity"}}, {"model": "game.useractivitysummary", "pk": 148, "fields": {"user": 1, "time_duration": 1, "timestamp": "2021-09-15T10:53:38.296Z", "activity": "activity"}}, {"model": "game.useractivitysummary", "pk": 149, "fields": {"user": 1, "time_duration": 47, "timestamp": "2021-09-15T10:54:26.090Z", "activity": "activity"}}, {"model": "game.useractivitysummary", "pk": 150, "fields": {"user": 1, "time_duration": 1, "timestamp": "2021-09-15T10:54:27.275Z", "activity": "activity"}}, {"model": "game.useractivitysummary", "pk": 151, "fields": {"user": 1, "time_duration": 263, "timestamp": "2021-09-15T10:58:51.175Z", "activity": "activity"}}, {"model": "game.useractivitysummary", "pk": 152, "fields": {"user": 1, "time_duration": 1, "timestamp": "2021-09-15T10:58:52.321Z", "activity": "activity"}}, {"model": "game.useractivitysummary", "pk": 153, "fields": {"user": 1, "time_duration": 268, "timestamp": "2021-09-15T11:03:21.214Z", "activity": "activity"}}, {"model": "game.useractivitysummary", "pk": 154, "fields": {"user": 1, "time_duration": 10, "timestamp": "2021-09-15T11:03:31.839Z", "activity": "activity"}}, {"model": "game.useractivitysummary", "pk": 155, "fields": {"user": 1, "time_duration": 8230, "timestamp": "2021-09-15T13:20:42.324Z", "activity": "activity"}}, {"model": "game.useractivitysummary", "pk": 156, "fields": {"user": 2, "time_duration": 0, "timestamp": "2021-09-15T13:21:38.192Z", "activity": "login"}}, {"model": "game.useractivitysummary", "pk": 157, "fields": {"user": 2, "time_duration": 220, "timestamp": "2021-09-15T13:25:18.305Z", "activity": "login"}}, {"model": "game.useractivitysummary", "pk": 158, "fields": {"user": 2, "time_duration": 12, "timestamp": "2021-09-15T13:25:31.091Z", "activity": "login"}}, {"model": "game.useractivitysummary", "pk": 159, "fields": {"user": 2, "time_duration": 0, "timestamp": "2021-09-15T13:25:31.257Z", "activity": "activity"}}, {"model": "game.useractivitysummary", "pk": 160, "fields": {"user": 2, "time_duration": 7, "timestamp": "2021-09-15T13:25:38.824Z", "activity": "activity"}}, {"model": "game.useractivitysummary", "pk": 161, "fields": {"user": 2, "time_duration": 4, "timestamp": "2021-09-15T13:25:43.169Z", "activity": "activity"}}, {"model": "game.useractivitysummary", "pk": 162, "fields": {"user": 2, "time_duration": 15, "timestamp": "2021-09-15T13:25:58.886Z", "activity": "activity"}}, {"model": "game.useractivitysummary", "pk": 163, "fields": {"user": 2, "time_duration": 6, "timestamp": "2021-09-15T13:26:05.420Z", "activity": "activity"}}, {"model": "game.useractivitysummary", "pk": 164, "fields": {"user": 2, "time_duration": 2, "timestamp": "2021-09-15T13:26:08.339Z", "activity": "activity"}}, {"model": "game.useractivitysummary", "pk": 165, "fields": {"user": 2, "time_duration": 1, "timestamp": "2021-09-15T13:26:09.665Z", "activity": "activity"}}, {"model": "game.useractivitysummary", "pk": 166, "fields": {"user": 2, "time_duration": 1, "timestamp": "2021-09-15T13:26:11.153Z", "activity": "activity"}}, {"model": "game.useractivitysummary", "pk": 167, "fields": {"user": 2, "time_duration": 1, "timestamp": "2021-09-15T13:26:12.635Z", "activity": "activity"}}, {"model": "game.useractivitysummary", "pk": 168, "fields": {"user": 2, "time_duration": 2, "timestamp": "2021-09-15T13:26:15.300Z", "activity": "activity"}}, {"model": "game.useractivitysummary", "pk": 169, "fields": {"user": 2, "time_duration": 1, "timestamp": "2021-09-15T13:26:16.765Z", "activity": "activity"}}, {"model": "game.useractivitysummary", "pk": 170, "fields": {"user": 2, "time_duration": 1, "timestamp": "2021-09-15T13:26:18.052Z", "activity": "activity"}}, {"model": "game.useractivitysummary", "pk": 171, "fields": {"user": 2, "time_duration": 1, "timestamp": "2021-09-15T13:26:19.313Z", "activity": "activity"}}, {"model": "game.useractivitysummary", "pk": 172, "fields": {"user": 2, "time_duration": 3, "timestamp": "2021-09-15T13:26:22.391Z", "activity": "activity"}}, {"model": "game.useractivitysummary", "pk": 173, "fields": {"user": 2, "time_duration": 1, "timestamp": "2021-09-15T13:26:23.801Z", "activity": "activity"}}, {"model": "game.useractivitysummary", "pk": 174, "fields": {"user": 2, "time_duration": 3, "timestamp": "2021-09-15T13:26:27.759Z", "activity": "activity"}}, {"model": "game.useractivitysummary", "pk": 175, "fields": {"user": 2, "time_duration": 1, "timestamp": "2021-09-15T13:26:29.152Z", "activity": "activity"}}, {"model": "game.useractivitysummary", "pk": 176, "fields": {"user": 2, "time_duration": 3, "timestamp": "2021-09-15T13:26:33.033Z", "activity": "activity"}}, {"model": "game.useractivitysummary", "pk": 177, "fields": {"user": 2, "time_duration": 8, "timestamp": "2021-09-15T13:26:41.190Z", "activity": "activity"}}, {"model": "game.useractivitysummary", "pk": 178, "fields": {"user": 2, "time_duration": 351, "timestamp": "2021-09-15T13:32:32.501Z", "activity": "activity"}}, {"model": "game.useractivitysummary", "pk": 179, "fields": {"user": 2, "time_duration": 2, "timestamp": "2021-09-15T13:32:34.832Z", "activity": "activity"}}, {"model": "game.useractivitysummary", "pk": 180, "fields": {"user": 3, "time_duration": 0, "timestamp": "2021-09-15T13:33:05.578Z", "activity": "activity"}}, {"model": "game.useractivitysummary", "pk": 181, "fields": {"user": 3, "time_duration": 10, "timestamp": "2021-09-15T13:33:15.835Z", "activity": "activity"}}, {"model": "game.useractivitysummary", "pk": 182, "fields": {"user": 3, "time_duration": 11, "timestamp": "2021-09-15T13:33:27.639Z", "activity": "activity"}}, {"model": "game.useractivitysummary", "pk": 183, "fields": {"user": 3, "time_duration": 1, "timestamp": "2021-09-15T13:33:29.386Z", "activity": "activity"}}, {"model": "game.useractivitysummary", "pk": 184, "fields": {"user": 3, "time_duration": 11, "timestamp": "2021-09-15T13:33:40.639Z", "activity": "activity"}}, {"model": "game.useractivitysummary", "pk": 185, "fields": {"user": 3, "time_duration": 1, "timestamp": "2021-09-15T13:33:42.215Z", "activity": "activity"}}, {"model": "game.useractivitysummary", "pk": 186, "fields": {"user": 3, "time_duration": 1, "timestamp": "2021-09-15T13:33:43.898Z", "activity": "activity"}}, {"model": "game.useractivitysummary", "pk": 187, "fields": {"user": 3, "time_duration": 2, "timestamp": "2021-09-15T13:33:46.099Z", "activity": "activity"}}, {"model": "game.useractivitysummary", "pk": 188, "fields": {"user": 3, "time_duration": 8, "timestamp": "2021-09-15T13:33:54.645Z", "activity": "activity"}}, {"model": "game.useractivitysummary", "pk": 189, "fields": {"user": 3, "time_duration": 1, "timestamp": "2021-09-15T13:33:56.584Z", "activity": "activity"}}, {"model": "game.useractivitysummary", "pk": 190, "fields": {"user": 3, "time_duration": 14, "timestamp": "2021-09-15T13:34:10.665Z", "activity": "activity"}}, {"model": "game.useractivitysummary", "pk": 191, "fields": {"user": 1, "time_duration": 852, "timestamp": "2021-09-15T13:34:54.712Z", "activity": "activity"}}, {"model": "game.useractivitysummary", "pk": 192, "fields": {"user": 1, "time_duration": 2, "timestamp": "2021-09-15T13:34:57.265Z", "activity": "activity"}}, {"model": "game.useractivitysummary", "pk": 193, "fields": {"user": 1, "time_duration": 438, "timestamp": "2021-09-15T13:42:16.121Z", "activity": "activity"}}, {"model": "game.useractivitysummary", "pk": 194, "fields": {"user": 1, "time_duration": 2, "timestamp": "2021-09-15T13:42:18.500Z", "activity": "activity"}}, {"model": "game.useractivitysummary", "pk": 195, "fields": {"user": 3, "time_duration": 497, "timestamp": "2021-09-15T13:42:27.722Z", "activity": "activity"}}, {"model": "game.useractivitysummary", "pk": 196, "fields": {"user": 3, "time_duration": 2, "timestamp": "2021-09-15T13:42:29.867Z", "activity": "activity"}}, {"model": "game.useractivitysummary", "pk": 197, "fields": {"user": 4, "time_duration": 0, "timestamp": "2021-09-15T13:42:42.489Z", "activity": "activity"}}, {"model": "game.useractivitysummary", "pk": 198, "fields": {"user": 4, "time_duration": 2, "timestamp": "2021-09-15T13:42:44.609Z", "activity": "activity"}}, {"model": "game.useractivitysummary", "pk": 199, "fields": {"user": 1, "time_duration": 49, "timestamp": "2021-09-15T13:43:07.868Z", "activity": "activity"}}, {"model": "game.useractivitysummary", "pk": 200, "fields": {"user": 1, "time_duration": 1, "timestamp": "2021-09-15T13:43:09.056Z", "activity": "activity"}}, {"model": "game.useractivitysummary", "pk": 201, "fields": {"user": 1, "time_duration": 452, "timestamp": "2021-09-15T13:50:41.449Z", "activity": "activity"}}, {"model": "game.useractivitysummary", "pk": 202, "fields": {"user": 1, "time_duration": 1, "timestamp": "2021-09-15T13:50:43.319Z", "activity": "activity"}}, {"model": "game.useractivitysummary", "pk": 203, "fields": {"user": 1, "time_duration": 1, "timestamp": "2021-09-15T13:50:44.720Z", "activity": "activity"}}, {"model": "game.useractivitysummary", "pk": 204, "fields": {"user": 1, "time_duration": 3, "timestamp": "2021-09-15T13:50:47.919Z", "activity": "activity"}}, {"model": "game.useractivitysummary", "pk": 205, "fields": {"user": 1, "time_duration": 0, "timestamp": "2021-09-15T13:50:48.049Z", "activity": "activity"}}, {"model": "game.useractivitysummary", "pk": 206, "fields": {"user": 1, "time_duration": 1, "timestamp": "2021-09-15T13:50:49.730Z", "activity": "activity"}}, {"model": "game.useractivitysummary", "pk": 207, "fields": {"user": 1, "time_duration": 0, "timestamp": "2021-09-15T13:50:49.794Z", "activity": "activity"}}, {"model": "game.useractivitysummary", "pk": 208, "fields": {"user": 1, "time_duration": 4, "timestamp": "2021-09-15T13:50:54.630Z", "activity": "activity"}}, {"model": "game.useractivitysummary", "pk": 209, "fields": {"user": 1, "time_duration": 0, "timestamp": "2021-09-15T13:50:54.765Z", "activity": "activity"}}, {"model": "game.useractivitysummary", "pk": 210, "fields": {"user": 1, "time_duration": 2, "timestamp": "2021-09-15T13:50:57.170Z", "activity": "activity"}}, {"model": "game.useractivitysummary", "pk": 211, "fields": {"user": 1, "time_duration": 0, "timestamp": "2021-09-15T13:50:57.215Z", "activity": "activity"}}, {"model": "game.useractivitysummary", "pk": 212, "fields": {"user": 1, "time_duration": 2, "timestamp": "2021-09-15T13:50:59.672Z", "activity": "activity"}}, {"model": "game.useractivitysummary", "pk": 213, "fields": {"user": 1, "time_duration": 0, "timestamp": "2021-09-15T13:50:59.799Z", "activity": "activity"}}, {"model": "game.useractivitysummary", "pk": 214, "fields": {"user": 1, "time_duration": 2, "timestamp": "2021-09-15T13:51:02.700Z", "activity": "activity"}}, {"model": "game.useractivitysummary", "pk": 215, "fields": {"user": 1, "time_duration": 0, "timestamp": "2021-09-15T13:51:02.756Z", "activity": "activity"}}, {"model": "game.useractivitysummary", "pk": 216, "fields": {"user": 1, "time_duration": 1, "timestamp": "2021-09-15T13:51:04.687Z", "activity": "activity"}}, {"model": "game.useractivitysummary", "pk": 217, "fields": {"user": 1, "time_duration": 0, "timestamp": "2021-09-15T13:51:04.812Z", "activity": "activity"}}, {"model": "game.useractivitysummary", "pk": 218, "fields": {"user": 1, "time_duration": 1, "timestamp": "2021-09-15T13:51:06.031Z", "activity": "activity"}}, {"model": "game.useractivitysummary", "pk": 219, "fields": {"user": 1, "time_duration": 0, "timestamp": "2021-09-15T13:51:06.085Z", "activity": "activity"}}, {"model": "game.useractivitysummary", "pk": 220, "fields": {"user": 1, "time_duration": 1, "timestamp": "2021-09-15T13:51:07.847Z", "activity": "activity"}}, {"model": "game.useractivitysummary", "pk": 221, "fields": {"user": 1, "time_duration": 0, "timestamp": "2021-09-15T13:51:07.971Z", "activity": "activity"}}, {"model": "game.useractivitysummary", "pk": 222, "fields": {"user": 1, "time_duration": 1, "timestamp": "2021-09-15T13:51:09.854Z", "activity": "activity"}}, {"model": "game.useractivitysummary", "pk": 223, "fields": {"user": 1, "time_duration": 0, "timestamp": "2021-09-15T13:51:09.900Z", "activity": "activity"}}, {"model": "game.useractivitysummary", "pk": 224, "fields": {"user": 1, "time_duration": 1, "timestamp": "2021-09-15T13:51:11.276Z", "activity": "activity"}}, {"model": "game.useractivitysummary", "pk": 225, "fields": {"user": 1, "time_duration": 0, "timestamp": "2021-09-15T13:51:11.407Z", "activity": "activity"}}, {"model": "game.useractivitysummary", "pk": 226, "fields": {"user": 1, "time_duration": 0, "timestamp": "2021-09-15T13:51:12.207Z", "activity": "activity"}}, {"model": "game.useractivitysummary", "pk": 227, "fields": {"user": 1, "time_duration": 0, "timestamp": "2021-09-15T13:51:12.256Z", "activity": "activity"}}, {"model": "game.useractivitysummary", "pk": 228, "fields": {"user": 1, "time_duration": 1, "timestamp": "2021-09-15T13:51:13.665Z", "activity": "activity"}}, {"model": "game.useractivitysummary", "pk": 229, "fields": {"user": 1, "time_duration": 0, "timestamp": "2021-09-15T13:51:13.788Z", "activity": "activity"}}, {"model": "game.useractivitysummary", "pk": 230, "fields": {"user": 1, "time_duration": 0, "timestamp": "2021-09-15T13:51:14.720Z", "activity": "activity"}}, {"model": "game.useractivitysummary", "pk": 231, "fields": {"user": 1, "time_duration": 0, "timestamp": "2021-09-15T13:51:14.770Z", "activity": "activity"}}, {"model": "game.useractivitysummary", "pk": 232, "fields": {"user": 1, "time_duration": 1, "timestamp": "2021-09-15T13:51:16.521Z", "activity": "activity"}}, {"model": "game.useractivitysummary", "pk": 233, "fields": {"user": 1, "time_duration": 0, "timestamp": "2021-09-15T13:51:16.644Z", "activity": "activity"}}, {"model": "game.useractivitysummary", "pk": 234, "fields": {"user": 1, "time_duration": 1, "timestamp": "2021-09-15T13:51:17.862Z", "activity": "activity"}}, {"model": "game.useractivitysummary", "pk": 235, "fields": {"user": 1, "time_duration": 0, "timestamp": "2021-09-15T13:51:17.918Z", "activity": "activity"}}, {"model": "game.useractivitysummary", "pk": 236, "fields": {"user": 1, "time_duration": 31, "timestamp": "2021-09-15T13:51:49.060Z", "activity": "activity"}}, {"model": "game.useractivitysummary", "pk": 237, "fields": {"user": 1, "time_duration": 18, "timestamp": "2021-09-15T13:52:07.184Z", "activity": "activity"}}, {"model": "game.useractivitysummary", "pk": 238, "fields": {"user": 1, "time_duration": 61, "timestamp": "2021-09-15T13:53:09.080Z", "activity": "activity"}}, {"model": "game.useractivitysummary", "pk": 239, "fields": {"user": 1, "time_duration": 18, "timestamp": "2021-09-15T13:53:27.251Z", "activity": "activity"}}, {"model": "game.useractivitysummary", "pk": 240, "fields": {"user": 1, "time_duration": 49, "timestamp": "2021-09-15T13:54:16.814Z", "activity": "activity"}}, {"model": "game.useractivitysummary", "pk": 241, "fields": {"user": 1, "time_duration": 10, "timestamp": "2021-09-15T13:54:27.057Z", "activity": "activity"}}, {"model": "game.useractivitysummary", "pk": 242, "fields": {"user": 1, "time_duration": 228, "timestamp": "2021-09-15T13:58:15.713Z", "activity": "activity"}}, {"model": "game.useractivitysummary", "pk": 243, "fields": {"user": 1, "time_duration": 1072, "timestamp": "2021-09-15T14:16:08.251Z", "activity": "activity"}}, {"model": "game.useractivitysummary", "pk": 244, "fields": {"user": 1, "time_duration": 9, "timestamp": "2021-09-15T14:16:18.101Z", "activity": "activity"}}, {"model": "game.useractivitysummary", "pk": 245, "fields": {"user": 1, "time_duration": 12, "timestamp": "2021-09-15T14:16:30.873Z", "activity": "activity"}}, {"model": "game.useractivitysummary", "pk": 246, "fields": {"user": 1, "time_duration": 38, "timestamp": "2021-09-15T14:17:09.102Z", "activity": "activity"}}, {"model": "game.useractivitysummary", "pk": 247, "fields": {"user": 1, "time_duration": 13, "timestamp": "2021-09-15T14:17:22.176Z", "activity": "activity"}}, {"model": "game.useractivitysummary", "pk": 248, "fields": {"user": 1, "time_duration": 596, "timestamp": "2021-09-15T14:27:18.770Z", "activity": "activity"}}, {"model": "game.useractivitysummary", "pk": 249, "fields": {"user": 1, "time_duration": 19, "timestamp": "2021-09-15T14:27:37.950Z", "activity": "activity"}}, {"model": "game.useractivitysummary", "pk": 250, "fields": {"user": 1, "time_duration": 2, "timestamp": "2021-09-15T14:27:40.318Z", "activity": "activity"}}, {"model": "game.useractivitysummary", "pk": 251, "fields": {"user": 1, "time_duration": 29, "timestamp": "2021-09-15T14:28:10.168Z", "activity": "activity"}}, {"model": "game.useractivitysummary", "pk": 252, "fields": {"user": 1, "time_duration": 18, "timestamp": "2021-09-15T14:28:28.210Z", "activity": "activity"}}, {"model": "game.useractivitysummary", "pk": 253, "fields": {"user": 1, "time_duration": 46, "timestamp": "2021-09-15T14:29:14.243Z", "activity": "activity"}}, {"model": "game.useractivitysummary", "pk": 254, "fields": {"user": 1, "time_duration": 27, "timestamp": "2021-09-15T14:29:41.777Z", "activity": "activity"}}, {"model": "game.useractivitysummary", "pk": 255, "fields": {"user": 1, "time_duration": 272, "timestamp": "2021-09-15T14:34:14.540Z", "activity": "activity"}}, {"model": "game.useractivitysummary", "pk": 256, "fields": {"user": 1, "time_duration": 71, "timestamp": "2021-09-15T14:35:26.505Z", "activity": "activity"}}, {"model": "game.useractivitysummary", "pk": 257, "fields": {"user": 1, "time_duration": 21, "timestamp": "2021-09-15T14:35:47.901Z", "activity": "activity"}}, {"model": "game.useractivitysummary", "pk": 258, "fields": {"user": 1, "time_duration": 12, "timestamp": "2021-09-15T14:36:00.897Z", "activity": "activity"}}, {"model": "game.useractivitysummary", "pk": 259, "fields": {"user": 1, "time_duration": 12, "timestamp": "2021-09-15T14:36:13.244Z", "activity": "activity"}}, {"model": "game.useractivitysummary", "pk": 260, "fields": {"user": 1, "time_duration": 40, "timestamp": "2021-09-15T14:36:53.443Z", "activity": "activity"}}, {"model": "game.useractivitysummary", "pk": 261, "fields": {"user": 1, "time_duration": 77, "timestamp": "2021-09-15T14:38:10.631Z", "activity": "activity"}}, {"model": "game.useractivitysummary", "pk": 262, "fields": {"user": 1, "time_duration": 94, "timestamp": "2021-09-15T14:39:44.792Z", "activity": "activity"}}, {"model": "game.useractivitysummary", "pk": 263, "fields": {"user": 1, "time_duration": 1, "timestamp": "2021-09-15T14:39:46.775Z", "activity": "activity"}}]